{
  "IsEncrypted": false,
  "Values": {
    "AzureWebJobsStorage": "DefaultEndpointsProtocol=https;AccountName=agnstrgdevtpen001;AccountKey=tGBT7Z90kmgJW1Oe9yCskb0RxRYu1qkSiSwDRl4kxB5WCwwEgQ/Vff4i8NjvGz9WO15hMJO9WSqrRXhzS6zoXA==;EndpointSuffix=core.windows.net",
    "StorageAcctName": "agnstrgdevtpen001",
    "StorageAcctKey": "tGBT7Z90kmgJW1Oe9yCskb0RxRYu1qkSiSwDRl4kxB5WCwwEgQ/Vff4i8NjvGz9WO15hMJO9WSqrRXhzS6zoXA==",
    "StorageAcctContainer": "donorfiles",
    "PdfLicenseKey": "MER10NPDCPKNLMddjxHlcaDF7bthye0AUWjYgbcFDZHf6u2ktsNXRD/Fg8bRxoyh8M2OVsPlfKdl7Ew33dKmMCniPJZEes7X0NwQ",
    "NHAppendedStorageAcctContainer": "nhappenedfiles",
    "ExpandPageHeight": 10,
    "Top": 7,
    "Right": 18,
    "FUNCTIONS_WORKER_RUNTIME": "dotnet-isolated"
  }
}